<?xml version="1.0" encoding="UTF-8" standalone="yes"?>
<solr>
    <solrcloud>
        <str name="host">${host:}</str>
        <int name="hostPort">${jetty.port:8080}</int>
        <str name="hostContext">${hostContext:solr}</str>
        <bool name="genericCoreNodeNames">${genericCoreNodeNames:true}</bool>
        <int name="zkClientTimeout">${zkClientTimeout:60000}</int>
        <int name="distribUpdateSoTimeout">${distribUpdateSoTimeout:600000}</int>
        <int name="distribUpdateConnTimeout">${distribUpdateConnTimeout:60000}</int>
    </solrcloud>
    <shardHandlerFactory name="shardHandlerFactory"
        class="HttpShardHandlerFactory">
        <int name="socketTimeout">${socketTimeout:600000}</int>
        <int name="connTimeout">${connTimeout:60000}</int>
    </shardHandlerFactory>  
</solr>
